"ABEL MESQUITA JR.";H
"ABELARDO CAMARINHA";H
"ABELARDO LUPION";H
"ACELINO POPÓ";H
"ADAIL CARNEIRO";H
"ADALBERTO CAVALCANTI";H
"ADELMO CARNEIRO LEÃO";H
"ADELSON BARRETO";H
"ADEMIR CAMILO";H
"ADILTON SACHETTI";H
ADRIAN;H
"AELTON FREITAS";H
"AFONSO FLORENCE";H
"AFONSO HAMM";H
"AFONSO MOTTA";H
"AGUINALDO RIBEIRO";H
"AKIRA OTSUBO";H
"ALAN RICK";H
"ALBERTO FILHO";H
"ALBERTO FRAGA";H
"ALCEU MOREIRA";H
"ALESSANDRO MOLON";H
"ALEX CANZIANI";H
"ALEX MANENTE";H
"ALEXANDRE BALDY";H
"ALEXANDRE LEITE";H
"ALEXANDRE ROSO";H
"ALEXANDRE SANTOS";H
"ALEXANDRE SERFIOTIS";H
"ALEXANDRE SILVEIRA";H
"ALEXANDRE TOLEDO";H
"ALEXANDRE VALLE";H
"ALFREDO KAEFER";H
"ALFREDO NASCIMENTO";H
"ALFREDO SIRKIS";H
"ALICE PORTUGAL";M
"ALIEL MACHADO";H
"ALINE CORRÊA";M
"ALMEIDA LIMA";H
"ALTINEU CÔRTES";H
"ALUISIO MENDES";H
"AMAURI TEIXEIRA";H
"AMIR LANDO";H
"ANA PERUGINI";M
"ANDERSON FERREIRA";H
"ANDRÉ ABDON";H
"ANDRÉ DE PAULA";H
"ANDRÉ FIGUEIREDO";H
"ANDRÉ FUFUCA";H
"ANDRE MOURA";H
"ANDRÉ ZACHAROW";H
"ANDREIA ZITO";M
"ANDRES SANCHEZ";H
"ANGELA ALBINO";M
ANGELIM;H
"ÂNGELO AGNOLIN";H
"ANGELO VANHONI";H
"ANÍBAL GOMES";H
"ANSELMO DE JESUS";H
"ANTHONY GAROTINHO";H
"ANTÔNIA LÚCIA";M
"ANTÔNIO ANDRADE";H
"ANTONIO BALHMANN";H
"ANTONIO BRITO";H
"ANTONIO BULHÕES";H
"ANTONIO CARLOS MENDES THAME";H
"ANTONIO IMBASSAHY";H
"ANTÔNIO JÁCOME";H
"ARIOSTO HOLANDA";H
"ARLINDO CHINAGLIA";H
"ARMANDO VERGÍLIO";H
"ARNALDO FARIA DE SÁ";H
"ARNALDO JARDIM";H
"ARNALDO JORDY";H
"ARNON BEZERRA";H
"AROLDE DE OLIVEIRA";H
"ARTHUR LIRA";H
"ARTHUR OLIVEIRA MAIA";H
"ARTHUR VIRGÍLIO BISNETO";H
"ARTUR BRUNO";H
"ASSIS CARVALHO";H
"ASSIS DO COUTO";H
"ASSIS MELO";H
"ÁTILA LINS";H
"ÁTILA LIRA";H
"AUGUSTO CARVALHO";H
"AUGUSTO COUTINHO";H
AUREO;H
BACELAR;H
"BALEIA ROSSI";H
BEBETO;H
"BENEDITA DA SILVA";M
"BENITO GAMA";H
"BENJAMIN MARANHÃO";H
"BERINHO BANTIM";H
"BERNARDO SANTANA DE VASCONCELLOS";H
"BETINHO GOMES";H
"BETINHO ROSADO";H
"BETO ALBUQUERQUE";H
"BETO FARO";H
"BETO MANSUR";H
"BETO ROSADO";H
"BETO SALAME";H
BIFFI;H
"BILAC PINTO";H
"BOHN GASS";H
"BONIFÁCIO DE ANDRADA";H
"BRUNA FURLAN";M
BRUNNY;M
"BRUNO ARAÚJO";H
"BRUNO COVAS";H
"BRUNO RODRIGUES";H
"CABO DACIOLO";H
"CABO SABINO";H
"CABUÇU BORGES";H
"CACÁ LEÃO";H
CAETANO;H
"CAIO NARCIO";H
"CAMILO COLA";H
"CÂNDIDO VACCAREZZA";H
"CAPITÃO AUGUSTO";H
"CAPITÃO FÁBIO ABREU";H
"CARLOS ALBERTO LERÉIA";H
"CARLOS ANDRADE";H
"CARLOS BEZERRA";H
"CARLOS EDUARDO CADOCA";H
"CARLOS GOMES";H
"CARLOS HENRIQUE GAGUIM";H
"CARLOS MAGNO";H
"CARLOS MANATO";H
"CARLOS MARTINS";H
"CARLOS MARUN";H
"CARLOS MELLES";H
"CARLOS SAMPAIO";H
"CARLOS ZARATTINI";H
"CARMEN ZANOTTO";M
"CÉLIO SILVEIRA";H
"CELSO JACOB";H
"CELSO MALDANER";H
"CELSO PANSERA";H
"CELSO RUSSOMANNO";H
"CÉSAR HALUM";H
"CÉSAR MESSIAS";H
"CESAR SOUZA";H
"CEZAR SILVESTRI";H
"CHICO ALENCAR";H
"CHICO D'ANGELO";H
"CHICO DAS VERDURAS";H
"CHICO LOPES";H
"CHRISTIANE DE SOUZA YARED";M
"CÍCERO ALMEIDA";H
"CLARISSA GAROTINHO";M
"CLAUDIO CAJADO";H
"CLÁUDIO PUTY";H
"CLEBER VERDE";H
"CONCEIÇÃO SAMPAIO";M
"COVATTI FILHO";H
"CRISTIANE BRASIL";M
"DAGOBERTO NOGUEIRA";H
"DALVA FIGUEIREDO";M
"DAMIÃO FELICIANO";H
"DÂMINA PEREIRA";M
"DANIEL ALMEIDA";H
"DANIEL COELHO";H
"DANIEL VILELA";H
"DANILO CABRAL";H
"DANILO FORTE";H
"DANRLEI DE DEUS HINTERHOLZ";H
"DARCÍSIO PERONDI";H
"DAVI ALCOLUMBRE";H
"DAVI ALVES SILVA JÚNIOR";H
"DAVIDSON MAGALHÃES";H
"DÉCIO LIMA";H
"DELEGADO ÉDER MAURO";H
"DELEGADO EDSON MOREIRA";H
"DELEGADO FRANCISCHINI";H
"DELEGADO PROTÓGENES";H
"DELEGADO WALDIR";H
DELEY;H
"DENILSON TEIXEIRA";H
"DEOCLIDES MACEDO";H
"DEVANIR RIBEIRO";H
"DIEGO ANDRADE";H
"DIEGO GARCIA";H
"DILCEU SPERAFICO";H
"DIMAS FABIANO";H
"DOMINGOS DUTRA";H
"DOMINGOS NETO";H
"DOMINGOS SÁVIO";H
"DR. ADILSON SOARES";H
"DR. CARLOS ALBERTO";H
"DR. GRILO";H
"DR. JOÃO";H
"DR. JORGE SILVA";H
"DR. LUIZ FERNANDO";H
"DR. PAULO CÉSAR";H
"DR. ROSINHA";H
"DR. SINVAL MALHEIROS";H
"DR. UBIALI";H
"DRA. ELAINE ABISSAMRA";M
"DUARTE NOGUEIRA";H
"DUDIMAR PAXIUBA";H
"DULCE MIRANDA";M
"EDINHO ARAÚJO";H
"EDINHO BEZ";H
"EDIO LOPES";H
"EDMAR ARRUDA";H
"EDMILSON RODRIGUES";H
"EDSON EZEQUIEL";H
"EDSON PIMENTA";H
"EDSON SANTOS";H
"EDSON SILVA";H
"EDUARDO BARBOSA";H
"EDUARDO BOLSONARO";H
"EDUARDO CUNHA";H
"EDUARDO CURY";H
"EDUARDO DA FONTE";H
"EDUARDO GOMES";H
"EDUARDO SCIARRA";H
"EFRAIM FILHO";H
"ELCIONE BARBALHO";M
"ELEUSES PAIVA";H
"ELI CORRÊA FILHO";H
"ELIENE LIMA";M
"ELISEU PADILHA";H
"ELIZEU DIONIZIO";H
"ELIZIANE GAMA";M
"ELMAR NASCIMENTO";H
"EMANUEL FERNANDES";H
"EMILIANO JOSÉ";H
"ENIO BACCI";H
"ENIO VERRI";H
"ERIKA KOKAY";M
"ERIVELTON SANTANA";H
"EROS BIONDINI";H
"ESPERIDIÃO AMIN";H
"EUDES XAVIER";H
"EURICO JÚNIOR";H
"EVAIR VIEIRA DE MELO";H
"EVANDRO GUSSI";H
"EVANDRO MILHOMEN";H
"EVANDRO ROMAN";H
"EXPEDITO NETTO";H
"EZEQUIEL FONSECA";H
"EZEQUIEL TEIXEIRA";H
"FABIANO HORTA";H
"FÁBIO FARIA";H
"FABIO GARCIA";H
"FÁBIO MITIDIERI";H
"FÁBIO RAMALHO";H
"FABIO REIS";H
"FÁBIO SOUSA";H
"FÁBIO SOUTO";H
"FÁBIO TRAD";H
"FABRICIO OLIVEIRA";H
"FÁTIMA BEZERRA";M
"FÁTIMA PELAES";M
"FAUSTO PINATO";H
"FELIPE BORNIER";H
"FELIPE MAIA";H
"FÉLIX MENDONÇA JÚNIOR";H
"FERNANDO COELHO FILHO";H
"FERNANDO FERRO";H
"FERNANDO JORDÃO";H
"FERNANDO MARRONI";H
"FERNANDO MONTEIRO";H
"FERNANDO TORRES";H
"FERNANDO ZACHIA";H
"FILIPE PEREIRA";H
"FLÁVIA MORAIS";M
"FLAVIANO MELO";H
FLAVINHO;H
"FLAVIO NOGUEIRA";H
"FLORIANO PESARO";H
"FRANCISCO CHAGAS";H
"FRANCISCO CHAPADINHA";H
"FRANCISCO FLORIANO";H
"FRANCISCO PRACIANO";H
"FRANCISCO TENÓRIO";H
FRANKLIN;H
"GABRIEL CHALITA";H
"GABRIEL GUIMARÃES";H
"GASTÃO VIEIRA";H
"GENECIAS NORONHA";H
"GEORGE HILTON";H
"GEOVANIA DE SÁ";M
"GERALDO RESENDE";H
"GERALDO SIMÕES";H
"GERALDO THADEU";H
GIACOBO;H
"GILBERTO COUTINHO";H
"GILBERTO NASCIMENTO";H
"GIOVANI CHERINI";H
"GIOVANI FELTES";H
"GIOVANNI QUEIROZ";H
GIROTO;H
"GIUSEPPE VECCI";H
"GIVALDO CARIMBÃO";H
"GIVALDO VIEIRA";H
"GLADSON CAMELI";H
"GLAUBER BRAGA";H
"GONZAGA PATRIOTA";H
"GORETE PEREIRA";M
GOULART;H
"GUILHERME CAMPOS";H
"GUILHERME MUSSI";H
"GUSTAVO PETTA";H
"HEITOR SCHUCH";H
"HELCIO SILVA";H
"HELDER SALOMÃO";H
"HÉLIO LEITE";H
"HÉLIO SANTOS";H
"HENRIQUE AFONSO";H
"HENRIQUE EDUARDO ALVES";H
"HENRIQUE FONTANA";H
"HENRIQUE OLIVEIRA";H
"HERÁCLITO FORTES";H
"HERCULANO PASSOS";H
"HERMES PARCIANELLO";H
"HEULER CRUVINEL";H
"HILDO ROCHA";H
"HIRAN GONÇALVES";H
"HISSA ABRAHÃO";H
"HUGO LEAL";H
"HUGO MOTTA";H
"HUGO NAPOLEÃO";H
"HUMBERTO MICHILES";H
"IARA BERNARDI";M
"INDIO DA COSTA";H
"INOCÊNCIO OLIVEIRA";H
"IRACEMA PORTELLA";M
"IRAJÁ ABREU";H
"IRINY LOPES";M
"ÍRIS DE ARAÚJO";M
"IRMÃO LAZARO";H
"IVAN VALENTE";H
"IZALCI LUCAS";H
"JAIME MARTINS";H
"JAIR BOLSONARO";H
"JAIRO ATAÍDE";H
"JANDIRA FEGHALI";M
"JANETE CAPIBERIBE";M
"JANETE ROCHA PIETÁ";M
"JÂNIO NATAL";H
"JAQUELINE RORIZ";M
"JARBAS VASCONCELOS";H
"JEAN WYLLYS";H
"JEFFERSON CAMPOS";H
"JERÔNIMO GOERGEN";H
"JÉSSICA SALES";M
"JESUS RODRIGUES";H
JHC;H
"JHONATAN DE JESUS";H
"JÔ MORAES";M
"JOÃO ANANIAS";H
"JOÃO ARRUDA";H
"JOÃO BITTAR";H
"JOÃO CALDAS";H
"JOÃO CAMPOS";H
"JOÃO CARLOS BACELAR";H
"JOÃO CASTELO";H
"JOÃO DADO";H
"JOÃO DANIEL";H
"JOÃO DERLY";H
"JOÃO FERNANDO COUTINHO";H
"JOÃO GUALBERTO";H
"JOÃO LYRA";H
"JOÃO MAGALHÃES";H
"JOÃO MAIA";H
"JOÃO MARCELO SOUZA";H
"JOÃO PAULO KLEINÜBING";H
"JOÃO PAULO LIMA";H
"JOÃO PAULO PAPA";H
"JOÃO PIZZOLATTI";H
"JOÃO RODRIGUES";H
"JOAQUIM PASSARINHO";H
"JONY MARCOS";H
"JORGE BITTAR";H
"JORGE BOEIRA";H
"JORGE CÔRTE REAL";H
"JORGE SOLLA";H
"JORGE TADEU MUDALEN";H
"JORGINHO MELLO";H
"JOSÉ AIRTON CIRILO";H
"JOSÉ ANÍBAL";H
"JOSÉ AUGUSTO MAIA";H
"JOSÉ CARLOS ALELUIA";H
"JOSÉ CARLOS ARAÚJO";H
"JOSÉ CHAVES";H
"JOSÉ FOGAÇA";H
"JOSÉ GUIMARÃES";H
"JOSÉ HUMBERTO";H
"JOSÉ LINHARES";H
"JOSÉ MENTOR";H
"JOSÉ NUNES";H
"JOSÉ OTÁVIO GERMANO";H
"JOSÉ PRIANTE";H
"JOSÉ REINALDO";H
"JOSÉ ROCHA";H
"JOSE STÉDILE";H
"JOSEPH BANDEIRA";H
"JOSI NUNES";M
"JOSIAS GOMES";H
"JOSUÉ BENGTSON";H
"JOVAIR ARANTES";H
"JOZI ARAÚJO";M
"JÚLIA MARINHO";M
"JULIÃO AMIN";H
"JÚLIO CAMPOS";H
"JÚLIO CESAR";H
"JÚLIO DELGADO";H
"JULIO LOPES";H
"JÚNIOR COIMBRA";H
"JUNIOR MARRECA";H
"JUNJI ABE";H
"JUSCELINO FILHO";H
"JUTAHY JUNIOR";H
"KAIO MANIÇOBA";H
"KEIKO OTA";M
"LAEL VARELLA";H
"LAERCIO OLIVEIRA";H
"LAERTE BESSA";H
"LAUDIVIO CARVALHO";H
"LAURA CARNEIRO";M
LAURIETE;M
"LÁZARO BOTELHO";H
LEANDRE;H
"LEANDRO VILELA";H
"LELO COIMBRA";H
"LEO DE BRITO";H
"LÉO OLIVEIRA";H
"LEONARDO MONTEIRO";H
"LEONARDO PICCIANI";H
"LEONARDO QUINTÃO";H
"LEÔNIDAS CRISTINO";H
"LEOPOLDO MEYER";H
"LILIAM SÁ";M
"LINCOLN PORTELA";H
"LINDOMAR GARÇON";H
"LIRA MAIA";H
"LOBBE NETO";H
"LOURIVAL MENDES";H
"LUCAS VERGILIO";H
"LUCI CHOINACKI";M
"LUCIANA SANTOS";M
"LUCIANO CASTRO";H
"LUCIANO DUCCI";H
"LUCIANO PIZZATTO";H
"LUCIO MOSQUINI";H
"LÚCIO VALE";H
"LUCIO VIEIRA LIMA";H
"LUIS CARLOS HEINZE";H
"LUIS TIBÉ";H
"LUIZ ALBERTO";H
"LUIZ ARGÔLO";H
"LUIZ CARLOS";H
"LUIZ CARLOS BUSATO";H
"LUIZ CARLOS HAULY";H
"LUIZ CARLOS RAMOS";H
"LUIZ CLÁUDIO";H
"LUIZ COUTO";H
"LUIZ DE DEUS";H
"LUIZ FERNANDO FARIA";H
"LUIZ FERNANDO MACHADO";H
"LUIZ LAURO FILHO";H
"LUIZ NISHIMORI";H
"LUIZ OTAVIO";H
"LUIZ PITIMAN";H
"LUIZ SÉRGIO";H
"LUIZA ERUNDINA";M
"LUIZIANNE LINS";M
MACEDO;H
"MAGDA MOFATTO";M
MAGELA;H
"MAIA FILHO";H
"MAJOR FÁBIO";H
"MAJOR OLIMPIO";H
MANDETTA;H
"MANOEL ANTUNES";H
"MANOEL JUNIOR";H
"MANOEL SALVIANO";H
"MANUEL ROSA NECA";H
"MANUELA D'ÁVILA";M
"MARA GABRILLI";M
"MARÇAL FILHO";H
"MARCELINHO CARIOCA";H
"MARCELO AGUIAR";H
"MARCELO ALMEIDA";H
"MARCELO ÁLVARO ANTÔNIO";H
"MARCELO ARO";H
"MARCELO BELINATI";H
"MARCELO CASTRO";H
"MARCELO MATOS";H
"MARCELO SQUASSONI";H
"MARCIO ALVINO";H
"MÁRCIO BIOLCHI";H
"MARCIO BITTAR";H
"MÁRCIO FRANÇA";H
"MARCIO JUNQUEIRA";H
"MÁRCIO MACÊDO";H
"MÁRCIO MARINHO";H
"MARCIO MONTEIRO";H
"MARCO ANTÔNIO CABRAL";H
"MARCO MAIA";H
"MARCO TEBALDI";H
MARCON;H
"MARCONDES GADELHA";H
"MARCOS ABRÃO";H
"MARCOS LIMA";H
"MARCOS MEDRADO";H
"MARCOS MONTES";H
"MARCOS REATEGUI";H
"MARCOS ROGÉRIO";H
"MARCOS ROTTA";H
"MARCOS SOARES";H
"MARCUS PESTANA";H
"MARCUS VICENTE";H
"MARGARIDA SALOMÃO";M
"MARIA DO ROSÁRIO";M
"MARIA HELENA";M
"MARIA LUCIA PRANDI";M
"MARIANA CARVALHO";M
"MARINALDO ROSENDO";H
"MARINHA RAUPP";M
"MÁRIO FEITOZA";H
"MÁRIO HERINGER";H
"MÁRIO NEGROMONTE JR.";H
"MARLLOS SAMPAIO";H
"MARQUINHO MENDES";H
"MARX BELTRÃO";H
"MASSAMI MIKI";H
"MAURÍCIO ALMEIDA";H
"MAURÍCIO QUINTELLA LESSA";H
"MAURÍCIO TRINDADE";H
"MAURO BENEVIDES";H
"MAURO LOPES";H
"MAURO MARIANI";H
"MAURO PEREIRA";H
"MAX FILHO";H
"MENDONÇA FILHO";H
"MENDONÇA PRADO";H
"MERLONG SOLANO";H
"MIGUEL CORRÊA";H
"MIGUEL HADDAD";H
"MIGUEL LOMBARDI";H
"MILTON MONTI";H
"MIRIQUINHO BATISTA";H
"MIRO TEIXEIRA";H
"MISAEL VARELLA";H
"MISSIONÁRIO JOSÉ OLIMPIO";H
"MOEMA GRAMACHO";M
"MOREIRA MENDES";H
"MORONI TORGAN";H
"MOSES RODRIGUES";H
"NARCIO RODRIGUES";H
"NELSON MARCHEZAN JUNIOR";H
"NELSON MARQUEZELLI";H
"NELSON MEURER";H
"NELSON NAHIM";H
"NELSON PADOVANI";H
"NELSON PELLEGRINO";H
"NEWTON CARDOSO";H
"NEWTON CARDOSO JR";H
"NEWTON LIMA";H
"NICE LOBÃO";M
"NILDA GONDIM";M
"NILMÁRIO MIRANDA";H
"NILSON LEITÃO";H
"NILSON PINTO";H
"NILTO TATTO";H
"NILTON CAPIXABA";H
"ODAIR CUNHA";H
"ODELMO LEÃO";H
"ODÍLIO BALBINOTTI";H
"ODORICO MONTEIRO";H
"OLIVEIRA FILHO";H
"ONOFRE SANTO AGOSTINI";H
"ONYX LORENZONI";H
"ORLANDO SILVA";H
"OSMAR BERTOLDI";H
"OSMAR JÚNIOR";H
"OSMAR SERRAGLIO";H
"OSMAR TERRA";H
"OSVALDO COELHO";H
"OSVALDO REIS";H
"OTAVIO LEITE";H
"OTONIEL LIMA";H
"OZIEL OLIVEIRA";H
"PADRE JOÃO";H
"PADRE TON";H
"PAES LANDIM";H
"PASTOR EURICO";H
"PAUDERNEY AVELINO";H
"PAULÃO";H
"PAULO ABI-ACKEL";H
"PAULO AZI";H
"PAULO BORNHAUSEN";H
"PAULO FEIJÓ";H
"PAULO FOLETTO";H
"PAULO FREIRE";H
"PAULO HENRIQUE LUSTOSA";H
"PAULO MAGALHÃES";H
"PAULO MALUF";H
"PAULO PEREIRA DA SILVA";H
"PAULO PIMENTA";H
"PAULO RUBEM SANTIAGO";H
"PAULO TEIXEIRA";H
"PEDRO CHAVES";H
"PEDRO CUNHA LIMA";H
"PEDRO EUGÊNIO";H
"PEDRO FERNANDES";H
"PEDRO NOVAIS";H
"PEDRO PAULO";H
"PEDRO UCZAI";H
"PEDRO VILELA";H
PENNA;H
"PEPE VARGAS";H
"PERPÉTUA ALMEIDA";M
"PINTO DE LUNA";H
"PINTO ITAMARATY";H
POLICARPO;H
"POMPEO DE MATTOS";H
"PR. MARCO FELICIANO";H
"PROFESSOR SÉRGIO DE OLIVEIRA";H
"PROFESSOR SETIMO";H
"PROFESSOR VICTÓRIO GALLI";H
"PROFESSORA DORINHA SEABRA REZENDE";M
"PROFESSORA MARCIVANIA";M
"RAFAEL MOTTA";H
"RAIMUNDO GOMES DE MATOS";H
"RAQUEL MUNIZ";M
"RATINHO JUNIOR";H
"RAUL JUNGMANN";H
"RAUL LIMA";H
"REBECCA GARCIA";M
"REGINALDO LOPES";H
REGUFFE;H
"REINHOLD STEPHANES";H
"REJANE DIAS";M
"REMÍDIO MONAI";H
"RENAN FILHO";H
"RENATA ABREU";M
"RENATO MOLLING";H
"RENATO SIMÕES";H
"RENZO BRAZ";H
"RICARDO BARROS";H
"RICARDO IZAR";H
"RICARDO TEOBALDO";H
"RICARDO TRIPOLI";H
"ROBERTO ALVES";H
"ROBERTO BALESTRA";H
"ROBERTO BRITTO";H
"ROBERTO DE LUCENA";H
"ROBERTO DORNER";H
"ROBERTO FREIRE";H
"ROBERTO GÓES";H
"ROBERTO SALES";H
"ROBERTO SANTIAGO";H
"ROBERTO TEIXEIRA";H
ROCHA;H
"RODRIGO BETHLEM";H
"RODRIGO DE CASTRO";H
"RODRIGO GARCIA";H
"RODRIGO MAIA";H
"RODRIGO MARTINS";H
"RODRIGO PACHECO";H
"ROGÉRIO CARVALHO";H
"ROGÉRIO MARINHO";H
"ROGÉRIO PENINHA MENDONÇA";H
"ROGÉRIO ROSSO";H
"ROMÁRIO";H
"RÔMULO GOUVEIA";H
"RONALDO BENEDET";H
"RONALDO CAIADO";H
"RONALDO CARLETTO";H
"RONALDO FONSECA";H
"RONALDO LESSA";H
"RONALDO MARTINS";H
"RONALDO NOGUEIRA";H
"RONALDO ZULKE";H
"RÔNEY NEMER";H
"ROSANE FERREIRA";M
"ROSÂNGELA CURADO";M
"ROSANGELA GOMES";M
"ROSE DE FREITAS";M
ROSSONI;H
"ROSY DE SOUSA";M
"RUBENS BUENO";H
"RUBENS OTONI";H
"RUBENS PEREIRA JÚNIOR";H
"RUI COSTA";H
"RUY CARNEIRO";H
"SABINO CASTELO BRANCO";H
"SÁGUAS MORAES";H
"SALVADOR ZIMBALDI";H
"SAMUEL MOREIRA";H
"SANDES JÚNIOR";H
"SANDRA ROSADO";M
"SANDRO ALEX";H
"SANDRO MABEL";H
"SARAIVA FELIPE";M
"SARNEY FILHO";H
"SEBASTIÃO BALA ROCHA";H
"SEBASTIÃO OLIVEIRA";H
"SÉRGIO BARRADAS CARNEIRO";H
"SÉRGIO BRITO";H
"SÉRGIO MORAES";H
"SÉRGIO REIS";H
"SERGIO SOUZA";H
"SERGIO VIDIGAL";H
"SERGIO ZVEITER";H
"SEVERINO NINHO";H
"SHÉRIDAN";M
"SIBÁ MACHADO";H
"SILAS BRASILEIRO";H
"SILAS CÂMARA";H
"SILAS FREIRE";H
"SILVIO COSTA";H
"SILVIO TORRES";H
"SIMÃO SESSIM";H
"SIMONE MORGADO";M
"SIMPLÍCIO ARAÚJO";H
"SORAYA SANTOS";M
"SÓSTENES CAVALCANTE";H
"STEFANO AGUIAR";H
"STEPAN NERCESSIAN";H
"SUBTENENTE GONZAGA";H
"SUELI VIDIGAL";M
"TADEU ALENCAR";H
TAKAYAMA;H
"TAUMATURGO LIMA";H
"TELMA PINHEIRO";M
"TENENTE LÚCIO";H
"TEREZA CRISTINA";M
"THIAGO PEIXOTO";H
"TIA ERON";M
TIRIRICA;H
"TONINHO PINHEIRO";H
"TONINHO WANDSCHEER";H
"ULDURICO JUNIOR";H
"URZENI ROCHA";H
"VALADARES FILHO";H
"VALDIR COLATTO";H
"VALMIR ASSUNÇÃO";H
"VALMIR PRASCIDELLI";H
"VALTENIR PEREIRA";H
"VANDER LOUBET";H
"VANDERLEI MACRIS";H
"VANDERLEI SIRAQUE";H
"VAZ DE LIMA";H
"VENEZIANO VITAL DO RÊGO";H
"VICENTE ARRUDA";H
"VICENTE CANDIDO";H
VICENTINHO;H
"VICENTINHO JÚNIOR";H
"VICTOR MENDES";H
"VIEIRA DA CUNHA";H
VILALBA;H
"VILMAR ROCHA";H
"VILSON COVATTI";H
"VINICIUS CARVALHO";H
"VINICIUS GURGEL";H
"VITOR LIPPI";H
"VITOR PAULO";H
"VITOR PENIDO";H
"VITOR VALIM";H
"WADIH DAMOUS";H
"WADSON RIBEIRO";H
"WALDENOR PEREIRA";H
"WALDIR MARANHÃO";H
"WALNEY ROCHA";H
"WALTER ALVES";H
"WALTER IHOSHI";H
"WALTER TOSTA";H
"WANDENKOLK GONÇALVES";H
"WASHINGTON REIS";H
"WELITON PRADO";H
"WELLINGTON FAGUNDES";H
"WELLINGTON ROBERTO";H
"WELLINGTON SALGADO";H
"WEVERTON ROCHA";H
"WILLIAM DIB";H
"WILLIAM WOO";H
"WILSON BESERRA";H
"WILSON FILHO";H
"WLADIMIR COSTA";H
"WOLNEY QUEIROZ";H
"ZÉ AUGUSTO NALIN";H
"ZÉ CARLOS";H
"ZE CARLOS DA PESCA";H
"ZÉ GERALDO";H
"ZÉ SILVA";H
"ZÉ VIEIRA";H
"ZECA CAVALCANTI";H
"ZECA DIRCEU";H
"ZECA DO PT";H
"ZENAIDE MAIA";M
ZOINHO;H
"ANDRÉ AMARAL";H
"ÁTILA A. NUNES";H
"BOSCO COSTA";H
"CAJAR NARDES";H
"CREUZA PEREIRA";M
"GUILHERME COELHO";H
"ILDON MARQUES";H
"JONES MARTINS";H
"LUANA COSTA";M
"MOISÉS DINIZ";H
"NIVALDO ALBUQUERQUE";H
"PASTOR LUCIANO BRAGA";H
"PATRUS ANANIAS";H
"PAULO MARTINS";H
"POLLYANA GAMA";M
"RICARDO BENTINHO";H
"ROSINHA DA ADEFAL";M
TAMPINHA;H
"VAL AMÉLIO";H
"
";
